Country,"Respect and protection of fundamental freedoms","Supportive legal and regulatory framework","Accessible and sustainable resources","Open and responsive State","Supportive public culture and discourses on civil society","Access to a secure digital environment","Last Modified",Permalink
Afghanistan,1.3,1.7,1.8,1.0,1.3,1.7,2026-02-24,https://eusee.hivos.org/document/afghanistan-country-focus-report/
Algeria,2.2,2,2,1.6,2,2.7,2025-12-16,https://eusee.hivos.org/document/algeria-rapport-national/
Argentina,3.3,3,2,2,2,2.3,2026-04-30,https://eusee.hivos.org/document/argentina-country-focus-report/
Bangladesh,2.1,2.7,3.0,2.2,2.3,3.3,2026-03-03,https://eusee.hivos.org/document/bangladesh-country-focus-report/
Benin,3.0,2.7,3.0,2.6,3.0,3.0,2026-02-16,https://eusee.hivos.org/document/benin-rapport-national/
Bhutan,3,3,3.3,2.6,3,3.7,2025-08-28,https://eusee.hivos.org/document/bhutan-country-focus-report/
Bolivia,3,2.3,2.3,2,2.3,2,2025-12-03,https://eusee.hivos.org/document/bolivia-informe-enfoque-pais/
Botswana,3.7,3.0,2.0,2.6,2.3,4.0,2025-12-10,https://eusee.hivos.org/document/botswana-country-focus-report/
Brazil,3.2,3.0,2.5,2.4,2.0,2.3,2026-04-14,https://eusee.hivos.org/document/brazil-country-focus-report/
Burundi,1.4,2.0,2.0,1.8,1.3,1.3,2026-01-21,https://eusee.hivos.org/document/burundi-rapport-national/
Cambodia,2.1,2.7,2.8,2.4,2.0,2.3,2025-12-15,https://eusee.hivos.org/document/cambodia-country-focus-report/
Chad,2.2,1.7,2.0,1.0,1.3,2.0,2026-04-20,https://eusee.hivos.org/document/chad-country-focus-report/
Chile,4.2,3.3,2.5,2.8,2.7,4.0,2025-08-26,https://eusee.hivos.org/document/chile-country-focus-report/
Colombia,2.6,3.0,3.0,3.0,2.0,2.7,2026-03-04,https://eusee.hivos.org/document/colombia-informe-enfoque-pais/
"Costa Rica",4.1,3.7,2.7,3,3,3,2025-12-24,https://eusee.hivos.org/document/costa-rica-country-focus-report/
Ecuador,2.9,3,2.5,2.6,2.0,2.7,2025-10-27,https://eusee.hivos.org/document/ecuador-informe-enfoque-pais/
"El Salvador",2.3,1.7,2.3,1.8,1.7,2.3,2025-12-15,https://eusee.hivos.org/document/el-salvador-country-focus-report/
Eswatini,1.7,2.7,2.8,2.2,2,3.3,2025-10-29,https://eusee.hivos.org/document/eswatini-country-focus-report/
Gabon,3.1,2.0,2.0,2.5,3.0,3.0,2026-02-02,https://eusee.hivos.org/document/gabon-rapport-national/
Ghana,3.4,3.7,3.0,3.4,3.0,3.0,2026-06-16,https://eusee.hivos.org/document/ghana-country-focus-report/
Guatemala,2.6,2.0,2.0,2.0,2.0,1.7,2026-05-11,https://eusee.hivos.org/document/guatemala-country-focus-report/
Haiti,2.3,2.3,2.3,2.4,2.0,2.3,2026-05-11,https://eusee.hivos.org/document/haiti-country-focus-report/
Honduras,2.5,2.6,2.8,2.0,2.0,2.0,2026-05-28,https://eusee.hivos.org/document/honduras-informe-enfoque-pais/
"Hong Kong",1.8,1.7,2.0,1.4,1.4,3.0,2025-12-03,https://eusee.hivos.org/document/hong-kong-country-focus-report/
India,2.2,2.7,2.5,2.6,2.0,2.3,2026-03-17,https://eusee.hivos.org/document/india-country-focus-report/
Indonesia,3,2.7,2.3,2.4,2.3,2,2025-10-17,https://eusee.hivos.org/document/indonesia-country-focus-report/
Jamaica,4.4,3.3,2.8,3.2,2.0,3.0,2025-11-08,https://eusee.hivos.org/document/jamaica-country-focus-report/
Jordan,2.5,2.0,2.5,2.8,2.3,2.7,2026-03-12,https://eusee.hivos.org/document/jordan-country-focus-report/
Kazakhstan,2.2,2.7,2.3,2.7,2.0,3.3,2026-06-04,https://eusee.hivos.org/document/kazakhstan-country-focus-report/
Kenya,2.5,3.3,2.0,2.4,2.0,2.7,2025-12-10,https://eusee.hivos.org/document/kenya-country-focus-report/
Kyrgyzstan,2.0,2.3,2.7,2.4,2.0,2.3,2026-07-21,https://eusee.hivos.org/document/kyrgyzstan-country-focus-report/
Lebanon,2.7,3,2.3,2.8,2.3,2.7,2026-01-06,https://eusee.hivos.org/document/lebanon-country-focus-report/
Lesotho,3.1,3.0,2.5,2.0,2.3,2.7,2026-02-16,https://eusee.hivos.org/document/lesotho-country-focus-report/
Madagascar,2.6,2.7,2.0,2.0,2.3,2.3,2026-02-20,https://eusee.hivos.org/document/madagascar-rapport-national/
Malaysia,3.0,2.3,2.8,2.4,2.0,2.3,2026-02-17,https://eusee.hivos.org/document/malaysia-country-focus-report/
Mali,2.0,3.0,2.3,2.8,2.7,2.7,2026-03-03,https://eusee.hivos.org/document/mali-country-focus-report/
Mauritius,4.1,3.3,3.0,2.6,3.3,3.7,2026-02-09,https://eusee.hivos.org/document/mauritius-country-focus-report/
Mexico,2.6,2.7,2.0,2.0,2.2,2.7,2025-09-02,https://eusee.hivos.org/document/mexico-informe-enfoque-pais/
Mongolia,3.3,3.7,2.8,2.8,3.0,2.7,2026-04-14,https://eusee.hivos.org/document/mongolia-country-focus-report/
Myanmar,1.4,1,1.8,1,1.3,1.7,2025-09-11,https://eusee.hivos.org/document/myanmar-country-focus-report/
Namibia,4.2,3.3,2.8,2.8,3.0,3.0,2026-06-17,https://eusee.hivos.org/document/namibia-country-focus-report/
Nepal,2.9,2.3,2.5,2.8,2.3,2.7,2026-03-09,https://eusee.hivos.org/document/nepal-country-focus-report/
Nigeria,2.2,3.0,2.5,2.8,2.0,2.7,2025-12-22,https://eusee.hivos.org/document/nigeria-country-focus-report/
Pakistan,2,2.3,2.0,2.8,2.3,2.0,2025-09-29,https://eusee.hivos.org/document/pakistan-country-focus-report/
Panama,3.0,3.0,2.3,2.4,2.0,3.0,2026-03-11,https://eusee.hivos.org/document/panama-informe-epoque-pais/
"Papua New Guinea",3.1,3.0,2.8,1.8,2.6,2.3,2026-03-19,https://eusee.hivos.org/document/papua-new-guinea-country-focus-report/
Paraguay,3.2,2.0,3.3,2.4,1.7,2.3,2025-11-24,https://eusee.hivos.org/document/paraguay-country-focus-report-2/
Peru,2.6,2.3,2.3,2.4,2,2.7,2025-09-11,https://eusee.hivos.org/document/peru-country-focus-report/
"Republic of Congo",2.2,2.7,2.3,2.7,2.3,2.0,2026-01-13,https://eusee.hivos.org/document/republique-du-congo-rapport-national/
Senegal,2.9,3.3,2.0,2.4,2.7,3.0,2026-05-13,https://eusee.hivos.org/document/senegal-rapport-national/
"Sierra Leone",2.9,2.3,2.3,3,2.7,3,2025-08-20,https://eusee.hivos.org/document/sierra-leone-country-focus-report/
Somalia,2.1,2.3,2.0,2.2,1.7,3.0,2025-11-06,https://eusee.hivos.org/document/somalia-country-focus-report/
"South Africa",3.4,3.7,2.5,3.0,2.7,3.0,2026-07-09,https://eusee.hivos.org/document/south-africa-country-focus-report/
"Sri Lanka",2.6,2.0,2.3,2.4,2.7,2.7,2026-03-11,https://eusee.hivos.org/document/sri-lanka-country-focus-report/
Sudan,1.3,1.3,2.0,1.4,1.7,1,2026-03-17,https://eusee.hivos.org/document/sudan-country-focus-report/
Tajikistan,1.4,2.0,2.3,2.0,1.3,2.0,2026-01-26,https://eusee.hivos.org/document/tajikistan-country-focus-report/
Tanzania,2.0,2.0,2.0,2.6,3.0,2.3,2026-02-18,https://eusee.hivos.org/document/tanzania-country-focus-report/
Thailand,2.5,1.7,2.3,2.4,2.7,2.3,2025-09-19,https://eusee.hivos.org/document/thailand-country-focus-report/
"The Gambia",3.0,3.0,2.7,2.8,2.7,2.0,2025-11-26,https://eusee.hivos.org/document/the-gambia-country-focus-report/
"Timor Leste",3.8,3.7,3.5,2.8,3.0,2.8,2025-11-26,https://eusee.hivos.org/document/timor-leste-country-focus-report/
"Trinidad and Tobago",4.4,3.3,2.0,2.8,2.3,3.3,2026-03-03,https://eusee.hivos.org/document/trinidad-tobago-country-focus-report/
Tunisia,2.3,2.0,2.0,2.0,2.0,2.3,2026-02-20,https://eusee.hivos.org/document/tunisia-rapport-national/
Uganda,2.2,2.3,2.5,2.8,2,2,2025-10-29,https://eusee.hivos.org/document/uganda-country-focus-report/
Venezuela,1.6,1.7,1.8,1.4,1.7,2.0,2026-03-03,https://eusee.hivos.org/document/venezuela-informe-enfoque-pais/
Zambia,3.1,2.7,2.8,2.8,3.0,3.7,2025-08-25,https://eusee.hivos.org/document/zambia-country-focus-report/
Zimbabwe,2.1,1.0,2.0,2.4,1.7,2.0,2026-02-09,https://eusee.hivos.org/document/zimbabwe-country-focus-report/
